{"please": 7, "review": 4, "the": 30, "attached": 5, "budget": 4, "file.": 4, "reminder:": 5, "our": 7, "team": 4, "sync": 4, "is": 13, "at": 9, "10am": 4, "tomorrow.": 6, "i\u2019ve": 6, "shared": 4, "meeting": 11, "notes": 5, "with": 6, "you.": 4, "let\u2019s": 8, "catch": 6, "up": 7, "about": 4, "project": 5, "update.": 4, "your": 18, "assignment": 4, "due": 4, "by": 4, "friday": 4, "evening.": 4, "can": 6, "we": 5, "reschedule": 2, "to": 11, "tomorrow?": 2, "i\u2019m": 5, "on": 5, "my": 2, "way,": 2, "be": 2, "there": 2, "in": 3, "10": 2, "minutes.": 2, "grab": 2, "lunch": 4, "usual": 2, "place.": 2, "thanks": 3, "for": 9, "help": 3, "project.": 2, "don't": 3, "forget": 4, "submit": 2, "assignment.": 2, "good": 2, "morning!": 2, "hope": 3, "you\u2019re": 3, "doing": 2, "well.": 2, "that\u2019s": 2, "a": 4, "great": 3, "idea,": 2, "in.": 3, "this": 3, "weekend.": 2, "sent": 2, "documents": 2, "email.": 2, "you": 10, "call": 4, "me": 4, "when": 4, "you're": 2, "free?": 2, "i": 3, "enjoyed": 2, "presentation": 2, "today.": 2, "set": 2, "3": 3, "pm,": 2, "conference": 2, "room": 2, "b.": 2, "hey,": 2, "are": 1, "still": 1, "pm?": 1, "pick": 1, "groceries": 1, "way": 1, "back.": 1, "send": 1, "from": 1, "yesterday\u2019s": 1, "class?": 1, "happy": 1, "birthday!": 1, "have": 2, "day!": 1, "i'll": 1, "later,": 1, "right": 1, "now.": 1, "package": 1, "has": 2, "been": 2, "shipped": 1, "and": 1, "will": 1, "arrive": 1, "thank": 1, "payment.": 1, "order": 1, "confirmed.": 1, "let": 1, "know": 1, "free": 1, "week.": 1, "dentist": 1, "appointment": 1, "tomorrow": 1, "11": 1, "am.": 1, "just": 1, "checking": 1, "how": 1, "been?": 1, "rescheduled": 1, "2": 1, "pm.": 1, "confirm": 1, "attendance.": 1, "see": 1, "party": 1, "tonight!": 1, "monthly": 1, "bank": 1, "statement": 1, "now": 1, "available": 1, "online.": 1, "move": 1, "4": 1, "pm": 1, "instead": 1, "of": 1, "3?": 1, "congrats": 1, "new": 1, "job!": 1, "do": 2, "start?": 1, "here's": 1, "document": 1, "asked": 1, "for.": 1, "was": 1, "great!": 1, "should": 1, "it": 1, "again": 2, "soon.": 1, "how\u2019s": 1, "coming": 1, "along?": 1, "don\u2019t": 1, "bring": 1, "id": 1, "test": 1, "agenda": 1, "tomorrow's": 1, "meeting.": 1, "left": 1, "files": 1, "desk.": 1, "today!": 1, "flight": 1, "confirmation:": 1, "lax": 1, "jfk,": 1, "tuesday": 1, "8": 1}