{"click": 13, "here": 11, "to": 29, "claim": 12, "your": 30, "free": 22, "prize!": 5, "you've": 10, "been": 17, "selected": 9, "for": 14, "a": 25, "cash": 4, "reward!": 4, "win": 5, "phone": 4, "now": 8, "\u2014": 4, "limited": 8, "time": 7, "offer.": 4, "act": 5, "fast": 6, "receive": 5, "exclusive": 5, "gift.": 4, "earn": 9, "money": 5, "from": 8, "home": 5, "with": 7, "no": 10, "experience!": 4, "congratulations!": 3, "you\u2019ve": 6, "won": 6, "iphone.": 3, "it.": 2, "$5000": 3, "week": 2, "working": 2, "home.": 3, "sign": 4, "up": 4, "now.": 7, "get": 8, "cheap": 2, "meds": 2, "online.": 2, "prescription": 2, "needed.": 2, "you": 5, "have": 3, "vacation.": 2, "call": 2, "now!": 11, "urgent:": 2, "account": 5, "has": 5, "compromised.": 2, "reset": 2, "here!": 2, "buy": 3, "followers": 2, "and": 4, "likes": 2, "instantly.": 3, "100%": 2, "real": 2, "users!": 2, "lottery": 2, "winnings": 2, "is": 9, "limited.": 2, "this": 7, "not": 3, "scam.": 2, "truly": 2, "big!": 2, "rich": 3, "quick": 2, "crypto": 2, "opportunity.": 2, "offer:": 3, "70%": 2, "discount": 3, "on": 6, "all": 3, "products.": 2, "shop": 2, "hot": 3, "singles": 3, "in": 4, "area": 3, "want": 2, "chat.": 2, "join": 5, "today!": 4, "chosen!": 2, "gift": 3, "card": 3, "waiting": 3, "you.": 3, "$1000": 2, "walmart": 1, "card.": 1, "urgent!": 1, "suspended.": 1, "verify": 2, "avoid": 2, "permanent": 1, "lock.": 1, "offer!": 1, "1": 1, "3": 1, "weight": 2, "loss": 1, "pills.": 1, "claim.": 1, "$500/day": 1, "experience": 1, "required.": 1, "final": 2, "notice:": 1, "car": 1, "warranty": 1, "about": 1, "expire.": 1, "renew": 1, "unlock": 1, "50%": 1, "electronics": 1, "today": 1, "only!": 1, "we": 1, "tried": 1, "deliver": 1, "package.": 1, "please": 1, "reschedule": 1, "at": 1, "scamlink.com.": 1, "bitcoin": 1, "giveaway!": 1, "register": 1, "2": 1, "btc": 1, "are": 2, "meet": 1, "chosen": 1, "$500": 1, "amazon": 1, "reward.": 1, "before": 1, "it": 1, "expires.": 1, "paypal": 1, "restricted.": 1, "login": 1, "restore": 1, "access.": 2, "pre-approved": 2, "$10,000": 1, "loan.": 1, "credit": 3, "check!": 1, "lose": 1, "without": 1, "dieting.": 1, "miracle": 1, "pill": 1, "approved": 1, "by": 2, "doctors!": 1, "deal:": 1, "work": 1, "make": 2, "$2000/week.": 1, "trial": 1, "of": 4, "our": 3, "skincare": 1, "product!": 1, "dear": 1, "user,": 1, "the": 1, "lucky": 1, "winner": 1, "$5": 1, "million.": 1, "contact": 1, "us": 1, "mobile": 1, "number": 1, "$100,000": 1, "monthly": 1, "draw.": 1, "special": 1, "alert:": 1, "unusual": 1, "activity": 1, "detected": 1, "account.": 1, "identity": 1, "trip": 1, "dubai.": 1, "spots": 1, "available!": 1, "$10": 1, "every": 1, "minute": 1, "just": 2, "watching": 1, "videos!": 1, "quick!": 1, "invest": 1, "only": 1, "$100": 1, "guaranteed!": 1, "reply": 1, "\"yes\"": 1, "confirm": 1, "scam!": 1, "really": 1, "won!": 1, "lowest": 1, "mortgage": 1, "rates": 1, "available": 2, "refinance": 1, "netflix": 1, "expiring.": 1, "update": 1, "payment": 1, "info": 1, "here.": 1, "activate": 1, "antivirus": 1, "software.": 1, "you\u2019re": 2, "missing": 1, "out": 1, "big": 1, "earnings.": 1, "program": 2, "last": 1, "chance": 1, "smartwatch!": 1, "score": 1, "check": 1, "-": 1, "needed!": 1, "online": 1, "while": 1, "sleep!": 1, "offer": 1, "\u2013": 2, "fees!": 1, "samsung": 1, "galaxy": 1, "answering": 1, "few": 1, "questions!": 1, "rid": 1, "debt": 1, "government": 2, "hacked!": 1, "fix": 1, "computer!": 1, "warning:": 1, "legal": 1, "action.": 1, "inheritance": 1, "$4.5": 1, "million": 1, "relief": 1, "grant.": 1, "apply": 1, "immediately!": 1}